<?xml version="1.0" encoding="UTF-8"?>

<beans xmlns="http://www.springframework.org/schema/beans"
	xmlns:xsi="http://www.w3.org/2001/XMLSchema-instance"
	xsi:schemaLocation="http://www.springframework.org/schema/beans
	http://www.springframework.org/schema/beans/spring-beans-4.0.xsd">

	<bean id="single" class="price_range.PriceGST">
		<property name = "price" value = "1500" ></property>
		<property name = "gst" value = "12" ></property>
	</bean>

	<bean id="double" class="price_range.PriceGST">
		<property name = "price" value = "2200" ></property>
		<property name = "gst" value = "15" ></property>
	</bean>
	
	<bean id="triple" class="price_range.PriceGST">
		<property name = "price" value = "2900" ></property>
		<property name = "gst" value = "15" ></property>
	</bean>
	
	<bean id="quad" class="price_range.PriceGST">
		<property name = "price" value = "3500" ></property>
		<property name = "gst" value = "15.75" ></property>
	</bean>
	
	<bean id="king" class="price_range.PriceGST">
		<property name = "price" value = "3700" ></property>
		<property name = "gst" value = "16.8" ></property>
	</bean>
	
	<bean id="suite" class="price_range.PriceGST">
		<property name = "price" value = "5500" ></property>
		<property name = "gst" value = "18" ></property>
	</bean>
	
</beans>